{"test_loss":0.14548609707871624,"val_loss":0.15340978085898116,"test_acc":0.9466882067851373,"epoch":15,"train_loss":0.049745891658717636,"_timestamp":1.7835308583684533e+09,"confusion_matrix_table":{"_type":"table-file","path":"media/table/confusion_matrix_table_16_e926f2842c3f0d1ef9ac.table.json","_latest_artifact_path":"wandb-client-artifact://kqnak3dcou5w4gy83ojzkr5gb5atkazpwp9btqvl8mo3i1fpyjkrvmy6a9j3dv9gfoecpml8wfq3oyki4tgrr29jy6vw47ehcfm0z36vqs8nmqe2dlgagcsacc5gc2sy:latest/confusion_matrix_table.table.json","ncols":3,"nrows":9,"log_mode":"IMMUTABLE","size":277,"artifact_path":"wandb-client-artifact://4pho6h26zs9kgttikdjk5kwbbcvfgvkg1hwfq6c54x6qlknnnt71j5zri35r5yd4vj6iixrjhh3znzidi796t0dzq2dg7uzofbcaccpvk4edxjpv4rgqg9891myrqdw0/confusion_matrix_table.table.json","sha256":"e926f2842c3f0d1ef9ac186e9a9355399a22e53991dda02661f81e7ec5ad2478"},"_step":16,"binary_acc":0.9474959612277868,"_wandb":{"runtime":234},"val_acc":0.9473257698541329,"macro_f1":0.9471625539036719,"train_acc":0.9842396951853135,"_runtime":234}