{"_wandb":{"runtime":408},"val_acc":0.8833063209076175,"train_loss":0.3167032376473694,"train_acc":0.8936612400415657,"_runtime":408,"val_loss":0.3362039510202949,"macro_f1":0.8844032871995587,"test_loss":0.31654382320135976,"confusion_matrix_table":{"artifact_path":"wandb-client-artifact://bj4pi8awl8zlsdyt783hghukxauecozuz8kkevhjb54qbxbnzp7jjkmzj3rhewsl0pki8v42uyt433t1dcw3feeusw3379xq05s6bv8a3auwaoelst60g8w5a0v4e3t0/confusion_matrix_table.table.json","nrows":9,"ncols":3,"size":278,"_type":"table-file","path":"media/table/confusion_matrix_table_31_942570c2afb85f08f37d.table.json","log_mode":"IMMUTABLE","_latest_artifact_path":"wandb-client-artifact://5mfcw9th1lyvuc00o65lly681z5s81v23e7su7t4e24hfh7brz098rztk0gtxie4m7mwe9xt84hdieoyubsvb0ket3pxha84heq7z0usjj9ny8pbaj0853ja8g3jqfoo:latest/confusion_matrix_table.table.json","sha256":"942570c2afb85f08f37ddce97fbb113a237973abc3a9dc5c78ad06384f9f7d6e"},"_timestamp":1.7835306114615622e+09,"test_acc":0.8844911147011308,"epoch":30,"_step":31}